{"result":[{"main":{"title":"DEMO LAYOUTS","link":"","icon":"hot","color":"red"},"sub":[{"title":"Categories","link":"","icon":"","color":"","num":""},{"title":"Basic","link":"","icon":"","color":"","num":""},{"title":"Parallax","link":"","icon":"","color":"","num":""},{"title":"Infinite Scrolling","link":"","icon":"","color":"","num":""},{"title":"Boxed","link":"","icon":"","color":"","num":""},{"title":"Grid","link":"","icon":"","color":"","num":""},{"title":"Video","link":"","icon":"","color":"","num":""},{"title":"Fullscreen","link":"","icon":"","color":"","num":""},{"title":"Lookbook","link":"","icon":"","color":"","num":""},{"title":"Landing","link":"","icon":"","color":"","num":""}]},{"main":{"title":"PRE-BUILT PAGES","link":"","icon":"","color":""},"sub":[{"title":"Contact Us","link":"","icon":"","color":"","num":"#1"},{"title":"Contact Us","link":"","icon":"","color":"","num":"#2"},{"title":"Contact Us","link":"","icon":"","color":"","num":"#3"},{"title":"Contact Us","link":"","icon":"","color":"","num":"#4"},{"title":"FAQs","link":"","icon":"","color":"","num":"#1"},{"title":"FAQs","link":"","icon":"","color":"","num":"#2"},{"title":"Our team","link":"","icon":"","color":"","num":""},{"title":"About Us","link":"","icon":"","color":"","num":"#1"},{"title":"About Us","link":"","icon":"","color":"","num":"#2"},{"title":"About Me","link":"","icon":"","color":"","num":""}]},{"main":{"title":"PORTFOLIO","link":"","icon":"PROJECTS","color":"hotpink"},"sub":[{"title":"Standard","link":"","icon":"","color":"","num":""},{"title":"Alternative","link":"","icon":"","color":"","num":""},{"title":"Text under image","link":"","icon":"","color":"","num":""},{"title":"Hover parallax","link":"","icon":"","color":"","num":""},{"title":"Portfolio fullwidth","link":"","icon":"","color":"","num":""},{"title":"Infinit scrolling","link":"","icon":"","color":"","num":""},{"title":"Single - sticky","link":"","icon":"","color":"","num":""},{"title":"Single - alternative","link":"","icon":"","color":"","num":""},{"title":"Single - gallery","link":"","icon":"","color":"","num":""},{"title":"Single - video","link":"","icon":"","color":"","num":""}]},{"main":{"title":"HEADERS","link":"","icon":"","color":""},"sub":[{"title":"Dark header","link":"","icon":"","color":"","num":""},{"title":"Colored header","link":"","icon":"","color":"","num":""},{"title":"Advanced","link":"","icon":"","color":"","num":""},{"title":"E-Commerce","link":"","icon":"","color":"","num":""},{"title":"Header base","link":"","icon":"","color":"","num":""},{"title":"Simplified","link":"","icon":"","color":"","num":""},{"title":"Double menu","link":"","icon":"","color":"","num":""},{"title":"Logo center","link":"","icon":"","color":"","num":""},{"title":"With categories menu","link":"","icon":"","color":"","num":""},{"title":"Menu in top bar","link":"","icon":"","color":"","num":""}]}]}