{"result":[{"main":{"title":"BLOG TYPES","link":"","color":"","icon":""},"sub":[{"title":"Alternative","link":"","color":"","icon":"","num":""},{"title":"Small images","link":"","color":"","icon":"","num":""},{"title":"Blog chess","link":"","icon":"FEATURE","color":"hotpink","num":""},{"title":"Masonry grid","link":"","color":"","icon":"","num":""},{"title":"Infinit scrolling","link":"","color":"","icon":"","num":""},{"title":"With background","link":"","color":"","icon":"","num":""},{"title":"Blog flat","link":"","color":"","icon":"","num":""},{"title":"Default flat","link":"","color":"","icon":"","num":""},{"title":"Blog mask","link":"","icon":"NEW","color":"hotpink","num":""}]},{"main":{"title":"SINGLE POSTS","link":"","icon":"EXAMPLES","color":"blue"},"sub":[{"title":"Post example","link":"","color":"","num":"#1","icon":""},{"title":"Post example","link":"","color":"","num":"#2","icon":""},{"title":"Post example","link":"","color":"","num":"#3","icon":""},{"title":"Post example","link":"","color":"","num":"#4","icon":""},{"title":"Post example","link":"","color":"","num":"#5","icon":""},{"title":"Post example","link":"","color":"","num":"#6","icon":""},{"title":"Post example","link":"","color":"","num":"#7","icon":""},{"title":"Post example","link":"","color":"","num":"#8","icon":""},{"title":"Post example","link":"","color":"","num":"#9","icon":""}]}]}