{"result":[{"main":{"title":"SHOP PAGES","icon":"","link":"#"},"sub":[{"title":"Filters area","icon":"","link":"#"},{"title":"Hidden sidebar","icon":"HOT","color":"red","link":"#"},{"title":"No page heading","icon":"","link":"#"},{"title":"Small categories menu","icon":"","link":"#"},{"title":"Masonry grid","icon":"","link":"#"},{"title":"Products list view","icon":"","link":"#"},{"title":"With background","icon":"","link":"#"},{"title":"Category description","icon":"","link":"#"},{"title":"Only categories","icon":"","link":"#"},{"title":"Header overlap","icon":"","link":"#"},{"title":"Default shop","icon":"","link":"#"}]},{"main":{"title":"PRODUCT HOVERS","icon":"EFFECTS","color":"blue","link":"#"},"sub":[{"title":"Summary on hover","icon":"","link":"#"},{"title":"Icons on hover","icon":"","link":"#"},{"title":"Icons & Add to cart","icon":"","link":"#"},{"title":"Full info on image","icon":"","link":"#"},{"title":"All info on hover","icon":"","link":"#"},{"title":"Button on image","icon":"","link":"#"},{"title":"Standard button","icon":"","link":"#"},{"title":"Quick shop","icon":"","link":"#"},{"title":"Tiled hover","icon":"","link":"#"},{"title":"Categories hover #1","icon":"","link":"#"},{"title":"Categories hover #2","icon":"","link":"#"}]},{"main":{"title":"PRODUCT PAGES","icon":"UNLIMITED","color":"hotpink","link":"#"},"sub":[{"title":"Default","icon":"","link":"#"},{"title":"Centered","icon":"","link":"#"},{"title":"Sticky description","icon":"","link":"#"},{"title":"With shadow","icon":"","link":"#"},{"title":"With background","icon":"","link":"#"},{"title":"Accordion tabs","icon":"NEW","color":"orange","link":"#"},{"title":"Accordion in content","icon":"","link":"#"},{"title":"Sticky add to cart","icon":"","link":"#"},{"title":"With sidebar","icon":"","link":"#"},{"title":"Extra content #1","icon":"","link":"#"},{"title":"Extra content #2","icon":"","link":"#"}]},{"main":{"title":"PRODUCT IMAGES","icon":"","link":"#"},"sub":[{"title":"Thumbnails left","icon":"","link":"#"},{"title":"Thumbnails bottom","icon":"","link":"#"},{"title":"Sticky images","icon":"","link":"#"},{"title":"One column","icon":"","link":"#"},{"title":"Two columns","icon":"","link":"#"},{"title":"Combined grid","icon":"","link":"#"},{"title":"Images full-width","icon":"","link":"#"},{"title":"Zoom image","icon":"","link":"#"},{"title":"Images size - small","icon":"","link":"#"},{"title":"Images size - large","icon":"","link":"#"},{"title":"Without thumbnails","icon":"","link":"#"}]},{"main":{"title":"WOOCOMMERCE","icon":"","link":"#"},"sub":[{"title":"Simple product","icon":"","link":"#"},{"title":"Variable product","icon":"","link":"#"},{"title":"External product","icon":"","link":"#"},{"title":"Grouped product","icon":"","link":"#"},{"title":"Shopping Cart","icon":"","link":"#"},{"title":"Checkout","icon":"","link":"#"},{"title":"My account","icon":"","link":"#"},{"title":"Wishlist","icon":"","link":"#"},{"title":"Track order","icon":"","link":"#"},{"title":"Custom 404 page #1","icon":"","link":"#"},{"title":"Custom 404 page #2","icon":"","link":"#"}]},{"main":{"title":"FEATURESBEST","icon":"BEST","color":"hotpink","link":"#"},"sub":[{"title":"360° product viewer","icon":"","link":"#"},{"title":"With video","icon":"","link":"#"},{"title":"With instagram","icon":"","link":"#"},{"title":"With countdown timer","icon":"","link":"#"},{"title":"Product presentation","icon":"","link":"#"},{"title":"Variations swatches","icon":"","link":"#"},{"title":"Infinit scrolling","icon":"NEW","color":"orange","link":"#"},{"title":"Load more button","icon":"","link":"#"},{"title":"Catalog mode","icon":"","link":"#"},{"title":"Cookies law info","icon":"","link":"#"},{"title":"Parallax scrolling","icon":"","link":"#"}]}]}
