{
    "result": {
        "cates": [{
            "id": 0,
            "title": "Animal",
            "icon": "fa fa-paw",
            "link": "#",
            "ajax": "array"
        }, {
            "id": 0,
            "title": "Present",
            "icon": "fa fa-gift",
            "link": "#",
            "ajax": "../json/present.json"
        }, {
            "id": 0,
            "title": "Game",
            "icon": "fa fa-gamepad",
            "link": "#",
            "ajax": "firebase"
        }, {
            "id": 0,
            "title": "Play",
            "icon": "fa fa-futbol-o",
            "link": "#",
            "ajax": ""
        }, {
            "id": 0,
            "title": "Puzzle",
            "icon": "fa fa-puzzle-piece",
            "link": "#",
            "ajax": ""
        }, {
            "id": 0,
            "title": "Figure",
            "icon": "fa fa-male",
            "link": "#",
            "ajax": ""
        }, {
            "id": 0,
            "title": "Tool",
            "icon": "fa fa-wrench",
            "link": "#",
            "ajax": ""
        }, {
            "id": 0,
            "title": "Magic",
            "icon": "fa fa-magic",
            "link": "#",
            "ajax": ""
        }, {
            "id": 0,
            "title": "Electronic",
            "icon": "fa fa-bolt",
            "link": "#",
            "ajax": ""
        }, {
            "id": 0,
            "title": "Drone",
            "icon": "fa fa-rocket",
            "link": "#",
            "ajax": ""
        }, {
            "id": 0,
            "title": "Pramodel",
            "icon": "fa fa-fighter-jet",
            "link": "#",
            "ajax": ""
        }]
    }
}