{"result":[{"main":{"title":"THEME ELEMENTS","link":"","color":"blue","icon":"FEATURES"},"sub":[{"title":"Titles","link":"","color":"","icon":""},{"title":"Carousels","link":"","color":"","icon":""},{"title":"Sliders","link":"","color":"","icon":""},{"title":"Banners","link":"","color":"","icon":""},{"title":"Lazy loading","link":"","color":"orange","icon":"NEW"},{"title":"Instagram","link":"","color":"","icon":""},{"title":"Social buttons","link":"","color":"","icon":""},{"title":"Team member","link":"","color":"","icon":""},{"title":"Testimonials","link":"","color":"","icon":""},{"title":"Timeline","link":"","color":"","icon":""}]},{"main":{"title":"THEME ELEMENTS","link":"","color":"","icon":""},"sub":[{"title":"Countdown timer","link":"","color":"","icon":""},{"title":"360 degree","link":"","color":"","icon":""},{"title":"Menu price","link":"","color":"","icon":""},{"title":"Infobox","link":"","color":"","icon":""},{"title":"Pricing tables","link":"","color":"","icon":""},{"title":"Portfolio element","link":"","color":"","icon":""},{"title":"Images gallery","link":"","color":"","icon":""},{"title":"Blog element","link":"","color":"","icon":""},{"title":"Video","link":"","color":"","icon":""},{"title":"Image Hotspot","link":"","color":"orange","icon":"NEW"}]},{"main":{"title":"THEME ELEMENTS","link":"","color":"","icon":""},"sub":[{"title":"Products Widgets","link":"","color":"","icon":""},{"title":"Animated counter","link":"","color":"","icon":""},{"title":"AJAX products tabs","link":"","color":"","icon":""},{"title":"Button with popup","link":"","color":"","icon":""},{"title":"Section dividers","link":"","color":"","icon":""},{"title":"Gradients","link":"","color":"","icon":""},{"title":"Buttons","link":"","color":"","icon":""},{"title":"List element","link":"","color":"","icon":""},{"title":"Parallax Scrolling","link":"","color":"hotpink","icon":"HOT"},{"title":"Animations","link":"","color":"","icon":""}]},{"main":{"title":"WOOCOMMERCE","link":"","color":"","icon":""},"sub":[{"title":"Recent Products","link":"","color":"","icon":""},{"title":"Featured Products","link":"","color":"","icon":""},{"title":"Single Product","link":"","color":"","icon":""},{"title":"Products Category","link":"","color":"","icon":""},{"title":"Products Categories","link":"","color":"","icon":""},{"title":"Sale Products","link":"","color":"","icon":""},{"title":"Top Rated Products","link":"","color":"","icon":""},{"title":"Product Filters","link":"","color":"hotpink","icon":"BEST"},{"title":"Products Grid","link":"","color":"","icon":""},{"title":"Brands element","link":"","color":"","icon":""}]}]}