{"result":[{"title": "best","data":[{ "img":["../img/dunk4.jpg","../img/dunk1.jpg"], "title":["Slam Dunk Mr.Red-head","Slam Dunk Mr.Gorila"], "cate":"Figure", "price":["$44.00","$40.00"], "cont":"If you are basket man you must take it. " },{"img":["../img/dunk6.jpg","../img/dunk5.jpg"], "title":["Slam Dunk Mr.Red-head","Slam Dunk Mr.Gorila"], "cate":"Figure", "price":["$44.00","$44.00"], "cont":"If you are basket man you must take it. " },{"img":["../img/dunk1.jpg","../img/dunk5.jpg"], "title":["Sleep Animal1","Sleep Animal2"], "cate":"Figure", "price":["$44.00","$35.00"], "cont":"If you are cat girl you must take it. " },{"img":["../img/dunk5.jpg","../img/dunk1.jpg"], "title":["Toy story","Toy story-Buzz"], "cate":"Figure", "price":["$44.00","$35.00"], "cont":"If you are Toy man you must take it. " },{"img":["../img/dunk6.jpg","../img/dunk1.jpg"], "title":["Blackgundam-front","Blackgundam-back"], "cate":"Gundam", "price":["$44.00","$35.00"], "cont":"If you are gundam girl you must take it. " },{"img":["../img/dunk1.jpg","../img/dunk5.jpg"], "title":["Z-buster","Super-buster"], "cate":"Figure", "price":["$44.00","$35.00"], "cont":"If you are car man you must take it. " },{"img":["../img/dunk5.jpg","../img/dunk6.jpg"], "title":["Dron-X","Dron-Y"], "cate":"Dron", "price":["$44.00","$35.00"], "cont":"If you are basket man you must take it. " },{"img":["../img/dunk4.jpg","../img/dunk1.jpg"], "title":["Slam Dunk Mr.Red-head","Slam Dunk Mr.Gorila"], "cate":"Figure", "price":["$44.00","$35.00"], "cont":"If you are basket man you must take it. " }]},{"title": "featured","data":[{ "img":["../img/cap0.jpg","../img/cap2.jpg"], "title":["Sleep Animal1","Sleep Animal2"], "cate":"Figure", "price":["$19.00","$9.99"], "cont":"If you are cat girl you must take it. " },{"img":["../img/cap2.jpg","../img/cap0.jpg"], "title":["Sleep Animal1","Sleep Animal2"], "cate":"Figure", "price":["$19.00","$9.99"], "cont":"If you are cat girl you must take it. "},{"img":["../img/cap1.jpg","../img/cap2.jpg"], "title":["Sleep Animal1","Sleep Animal2"], "cate":"Figure", "price":["$19.00","$9.99"], "cont":"If you are cat girl you must take it. " },{ "img":["../img/cap0.jpg","../img/cap2.jpg"], "title":["Sleep Animal1","Sleep Animal2"], "cate":"Figure", "price":["$19.00","$9.99"], "cont":"If you are cat girl you must take it. " },{"img":["../img/cap2.jpg","../img/cap0.jpg"], "title":["Sleep Animal1","Sleep Animal2"], "cate":"Figure", "price":["$19.00","$9.99"], "cont":"If you are cat girl you must take it. "},{"img":["../img/cap1.jpg","../img/cap2.jpg"], "title":["Sleep Animal1","Sleep Animal2"], "cate":"Figure", "price":["$19.00","$9.99"], "cont":"If you are cat girl you must take it. " },{ "img":["../img/cap0.jpg","../img/cap2.jpg"], "title":["Sleep Animal1","Sleep Animal2"], "cate":"Figure", "price":["$19.00","$9.99"], "cont":"If you are cat girl you must take it. " },{"img":["../img/cap2.jpg","../img/cap0.jpg"], "title":["Sleep Animal1","Sleep Animal2"], "cate":"Figure", "price":["$19.00","$9.99"], "cont":"If you are cat girl you must take it. "}]},{"title": "sale","data":[{ "img":["../img/toy1.jpg","../img/toy1.jpg"], "title":["Slam Dunk Mr.Red-head","Slam Dunk Mr.Gorila"], "cate":"Figure", "price":["$44.00","$35.00"], "cont":"If you are basket man you must take it. " },{"img":["../img/toy3.jpg","../img/toy3.jpg"], "title":["Slam Dunk Mr.Red-head","Slam Dunk Mr.Gorila"], "cate":"Figure", "price":["$44.00","$35.00"], "cont":"If you are basket man you must take it. " },{"img":["../img/toy4.jpg","../img/toy4.jpg"], "title":["Sleep Animal1","Sleep Animal2"], "cate":"Figure", "price":["$44.00","$35.00"], "cont":"If you are cat girl you must take it. " },{"img":["../img/toy2.jpg","../img/toy2.jpg"], "title":["Toy story","Toy story-Buzz"], "cate":"Figure", "price":["$44.00","$35.00"], "cont":"If you are Toy man you must take it. " },{"img":["../img/toy7.jpg","../img/toy10.jpg"], "title":["Blackgundam-front","Blackgundam-back"], "cate":"Gundam", "price":["$44.00","$35.00"], "cont":"If you are gundam girl you must take it. " },{"img":["../img/toy9.jpg","../img/toy9.jpg"], "title":["Z-buster","Super-buster"], "cate":"Figure", "price":["$44.00","$35.00"], "cont":"If you are car man you must take it. " },{"img":["../img/toy8.jpg","../img/toy8.jpg"], "title":["Dron-X","Dron-Y"], "cate":"Dron", "price":["$44.00","$35.00"], "cont":"If you are basket man you must take it. " },{"img":["../img/toy6.jpg","../img/toy6.jpg"], "title":["Slam Dunk Mr.Red-head","Slam Dunk Mr.Gorila"], "cate":"Figure", "price":["$44.00","$35.00"], "cont":"If you are basket man you must take it. " }]}]}